<?xml version="1.0" encoding="UTF-8" standalone="yes"?>
<addon id="repository.demartini" name="Demartini’s Repository" version="1.0.0" provider-name="Demartini">
  <extension point="xbmc.addon.repository" name="Demartini’s Repository">
    <dir>
      <info compressed="false">https://raw.githubusercontent.com/demartini/kodi-repo/main/zips/addons.xml</info>
      <checksum>https://raw.githubusercontent.com/demartini/kodi-repo/main/zips/addons.xml.md5</checksum>
      <datadir zip="true">https://raw.githubusercontent.com/demartini/kodi-repo/main/zips/</datadir>
    </dir>
  </extension>
  <extension point="xbmc.addon.metadata">
    <summary lang="en">Demartini’s Repository</summary>
    <description lang="en">My personal Kodi repository.</description>
    <disclaimer lang="en">No warranty here!</disclaimer>
    <language>en</language>
    <platform>all</platform>
    <license>MIT</license>
    <source>https://github.com/demartini/kodi-repo</source>
    <news></news>
    <assets>
      <icon>icon.png</icon>
      <fanart>fanart.jpg</fanart>
    </assets>
  </extension>
</addon>
